{
  "metrics_random_split": {
    "Linear Regression": {
      "MAE": 50.29493890475746,
      "MSE": 7232.213367189384,
      "RMSE": 85.04242098617244,
      "R2": 0.22276971706761128,
      "train_time_sec": 0.05
    },
    "Random Forest": {
      "MAE": 30.578110101675083,
      "MSE": 3922.6348313454196,
      "RMSE": 62.6309414853826,
      "R2": 0.5784429433956428,
      "train_time_sec": 62.44
    },
    "Gradient Boosting": {
      "MAE": 41.17687536657319,
      "MSE": 5703.099635196891,
      "RMSE": 75.51886939829602,
      "R2": 0.38710025299235495,
      "train_time_sec": 26.14
    },
    "XGBoost": {
      "MAE": 33.655244211922465,
      "MSE": 4288.2486908573865,
      "RMSE": 65.48472104893925,
      "R2": 0.5391512149793223,
      "train_time_sec": 1.66
    }
  },
  "metrics_chronological_split_diagnostic": {
    "Linear Regression": {
      "MAE": 48.53953482582765,
      "MSE": 7072.309774947717,
      "RMSE": 84.09702595780493,
      "R2": 0.09887844002718571,
      "train_time_sec": 0.09
    },
    "Random Forest": {
      "MAE": 139.32077535651658,
      "MSE": 29351.680751552092,
      "RMSE": 171.3233222639349,
      "R2": -2.739857725174118,
      "train_time_sec": 60.97
    },
    "Gradient Boosting": {
      "MAE": 183.0456847293456,
      "MSE": 49115.22885913355,
      "RMSE": 221.61955883706102,
      "R2": -5.258039177630819,
      "train_time_sec": 25.67
    },
    "XGBoost": {
      "MAE": 165.15780359334184,
      "MSE": 37006.45255184113,
      "RMSE": 192.37061249536305,
      "R2": -3.715193948475134,
      "train_time_sec": 1.55
    }
  },
  "best_model": "Random Forest"
}